id,name,name_mm,code,township_id:id
town_001,Bogale Town,ဘိုကလေး,MMR017024701,township_001
town_002,Danubyu Town,ဓနုဖြူ,MMR017022701,township_002
town_003,Dedaye Town,ဒေးဒရဲ,MMR017026701,township_003
town_004,Einme Town,အိမ်မဲ,MMR017015701,township_004
town_005,Du Yar Town,ဒူးယား,MMR017008703,township_005
town_006,Hinthada Town,ဟင်္သာတ,MMR017008701,township_005
town_007,Ta Loke Htaw Town,တလုတ္ထော်,MMR017008702,township_005
town_008,Htoogyi Town,ထူးကြီး,MMR017013702,township_006
town_009,Ingapu Town,အင်္ဂပူ,MMR017013701,township_006
town_010,Me Za Li Kone Town,မဲဇလီကုန်း,MMR017013703,township_006
town_011,Kangyidaunt Town,ကန်ကြီးထောင့်,MMR017002701,township_007
town_012,Kyaiklat Town,ကျိုက်လတ်,MMR017025701,township_008
town_013,Batye Town,ဘက်ရဲ,MMR017012702,township_009
town_014,Kyangin Town,ကြံခင်း,MMR017012701,township_009
town_015,Kyaunggon Town,ကျောင်းကုန်း,MMR017007701,township_010
town_016,Ahtaung Town,အထောင်,MMR017005702,township_011
town_017,Kyonpyaw Town,ကျုံပျော်,MMR017005701,township_011
town_018,Hainggyikyun Town,ဟိုင်းကြီးကျွန်း,MMR017016704,township_012
town_019,Labutta (3) Mile Town,လပွတ္တာ (၃) မိုင်,MMR017016703,township_012
town_020,Labutta Town,လပွတ္တာ,MMR017016701,township_012
town_021,Pyinsalu Town,ပြင်စလူ,MMR017016702,township_012
town_022,Lemyethna Town,လေးမျက်နှာ,MMR017010701,township_013
town_023,Maubin Town,မအူပင်,MMR017019701,township_014
town_024,Mawlamyinegyun Town,မော်လမြိုင်ကျွန်း,MMR017018701,township_015
town_025,In Pin Town,အင်ပင်,MMR017011703,township_016
town_026,Kanaung Town,ကနောင်,MMR017011702,township_016
town_027,Myanaung Town,မြန်အောင်,MMR017011701,township_016
town_028,Myaungmya Town,မြောင်းမြ,MMR017014701,township_017
town_029,Hainggyikyun Town,ဟိုင်းကြီးကျွန်း,MMR017004703,township_018
town_030,Ngapudaw Town,ငပုတော,MMR017004701,township_018
town_031,Ngayokekaung Town,ငရုတ်ကောင်း,MMR017004702,township_018
town_032,Nyaungdon Town,ညောင်တုန်း,MMR017021701,township_019
town_033,Pantanaw Town,ပန်းတနော်,MMR017020701,township_020
town_034,Chaung Thar Town,ချောင်းသာ,MMR017001704,township_021
town_035,Ngwesaung Town,ငွေဆောင်,MMR017001703,township_021
town_036,Pathein Town,ပုသိမ်,MMR017001701,township_021
town_037,Shwethaungyan Town,ရွှေသောင်ယံ,MMR017001702,township_021
town_038,Ahmar Town,အမာ,MMR017023702,township_022
town_039,Pyapon Town,ဖျာပုံ,MMR017023701,township_022
town_040,Thabaung Town,သာပေါင်း,MMR017003701,township_023
town_041,Kyonmangae Town,ကျုံမငေး,MMR017017702,township_024
town_042,Wakema Town,ဝါးခယ်မ,MMR017017701,township_024
town_043,Ahthoke Town,အသုတ်,MMR017006703,township_025
town_044,Ngathaingchaung Town,ငသိုင်းချောင်း,MMR017006702,township_025
town_045,Yegyi Town,ရေကြည်,MMR017006701,township_025
town_046,Zalun Town,ဇလွန်,MMR017009701,township_026
town_047,Bago Town,ပဲခူး,MMR007001701,township_027
town_048,Hpayargyi Town,ဘုရားကြီး,MMR007001702,township_027
town_049,Inntakaw Town,အင်းတကော်,MMR007001703,township_027
town_050,Daik-U Town,ဒိုက်ဦး,MMR007007701,township_028
town_051,Htantabin Town,ထန်းတပင်,MMR007014701,township_029
town_052,Kawa Town,ကဝ,MMR007003701,township_030
town_053,Thetkala Town,သက္ကလ,MMR007003702,township_030
town_054,Kyaukkyi Town,ကျောက်ကြီး,MMR007011701,township_031
town_055,Hpa Do Town,ဖဒို,MMR007006703,township_032
town_056,Kyauktaga Town,ကျောက်တံခါး,MMR007006701,township_032
town_057,Penwegon Town,ပဲနွယ်ကုန်း,MMR007006702,township_032
town_058,Madauk Town,မဒေါက်,MMR007005702,township_033
town_059,Nyaunglebin Town,ညောင်လေးပင်,MMR007005701,township_033
town_060,Peinzalok Town,ပိန်းဇလုပ်,MMR007005704,township_033
town_061,Pyuntasa Town,ပြွန်တန်ဆာ,MMR007005703,township_033
town_062,Kywe Pwe Town,ကျွဲပွဲ,MMR007013702,township_034
town_063,Oktwin Town,အုတ်တွင်း,MMR007013701,township_034
town_064,Kanyutkwin Town,ကညွတ်ကွင်း,MMR007012702,township_035
town_065,Phyu Town,ဖြူး,MMR007012701,township_035
town_066,Zayyawadi Town,ဇေယျ၀တီ,MMR007012703,township_035
town_067,Shwegyin Town,ရွှေကျင်,MMR007008701,township_036
town_068,Kaytumati Town,ကေတုမတီ,MMR007009702,township_037
town_069,Taungoo Town,တောင်ငူ,MMR007009701,township_037
town_070,Thanatpin Town,သနပ်ပင်,MMR007002701,township_038
town_071,Waw Town,ဝေါ,MMR007004701,township_039
town_072,Hswar Town,ဆွာ,MMR007010702,township_040
town_073,Myo Hla Town,မြို့လှ,MMR007010704,township_040
town_074,Yae Ni Town,ရေနီ,MMR007010703,township_040
town_075,Yedashe Town,ရေတာရှည်,MMR007010701,township_040
town_076,Gyobingauk Town,ကြို့ပင်ကောက်,MMR008014701,township_041
town_077,Letpadan Town,လက်ပံတန်း,MMR008008701,township_042
town_078,Minhla Town,မင်းလှ,MMR008009701,township_043
town_079,Sit Kwin Town,စစ်ကွင်း,MMR008009702,township_043
town_080,Monyo Town,မိုးညို,MMR008013701,township_044
town_081,Nattalin Town,နတ်တလင်း,MMR008012701,township_045
town_082,Tar Pun Town,တာပွန်,MMR008012702,township_045
town_083,Oe Thei Kone Town,အိုးသည်ကုန်း,MMR008010702,township_046
town_084,Okpho Town,အုတ်ဖို,MMR008010701,township_046
town_085,Oakshitpin Town,ဥရှစ်ပင်,MMR008003702,township_047
town_086,Padaung Town,ပန်းတောင်း,MMR008003701,township_047
town_087,Paukkhaung Town,ပေါက်ခေါင်း,MMR008002701,township_048
town_088,Paungde Town,ပေါင်းတည်,MMR008004701,township_049
town_089,Paungdale Town,ပေါင်းတလည်,MMR008001702,township_050
town_090,Pyay Town,ပြည်,MMR008001701,township_050
town_091,Shwedaung Town,ရွှေတောင်,MMR008006701,township_051
town_092,Thayarwady Town,သာယာဝတီ,MMR008007701,township_052
town_093,Thonse Town,သုံးဆယ်,MMR008007702,township_052
town_094,Inn Ma Town,အင်းမ,MMR008005703,township_053
town_095,Puteekone Town,ပုတီးကုန်း,MMR008005702,township_053
town_096,Sin Mee Swea Town,ဆင်မြီးဆွဲ,MMR008005704,township_053
town_097,Thegon Town,သဲကုန်း,MMR008005701,township_053
town_098,Zigon Town,ဇီးကုန်း,MMR008011701,township_054
town_099,Falam Town,ဖလမ်း,MMR004001701,township_055
town_100,Rihkhawdar Town,ရိခေါ်ဒါရ်,MMR004001702,township_055
town_101,Webula Town,ဝေဘူလ,MMR004001703,township_055
town_102,Hakha Town,ဟားခါး,MMR004002701,township_056
town_103,Surkhua Town,ဆူရ်ခွား,MMR004002702,township_056
town_104,Kanpetlet Town,ကန်ပက်လက်,MMR004008701,township_057
town_105,Kyin Dway Town,ကျင်ဒွေး,MMR004008702,township_057
town_106,Lalengpi Town,လိုင်လင်းပီ,MMR004007703,township_058
town_107,Matupi Town,မတူပီ,MMR004007701,township_058
town_108,Rezua Town,ရေဇွာ,MMR004007702,township_058
town_109,Mindat Town,မင်းတပ်,MMR004006701,township_059
town_110,M'kuiimnu Town,မကွီအိမ်နူး,MMR004006702,township_059
town_111,Paletwa Town,ပလက်ဝ,MMR004009701,township_060
town_112,Samee Town,ဆမီး,MMR004009702,township_060
town_113,Khaikam Town,ခိုင်ကမ်း,MMR004004702,township_061
town_114,Tedim Town,တီးတိန်,MMR004004701,township_061
town_115,Hnaring Town,နှာဟရိန်,MMR004003702,township_062
town_116,Thantlang Town,ထန်တလန်,MMR004003701,township_062
town_117,Cikha Town,ကျီခါး,MMR004005702,township_063
town_118,Tonzang Town,တွန်းဇန်,MMR004005701,township_063
town_119,Bhamo Town,ဗန်းမော်,MMR001010701,township_064
town_120,Chipwi Town,ချီဖွေ,MMR001005701,township_065
town_121,Pang War Town,ပန်ဝါ,MMR001005702,township_065
town_122,Hpakant Town,ဖားကန့်,MMR001009701,township_066
town_123,Kamaing Town,ကာမိုင်း,MMR001009702,township_066
town_124,Injangyang Town,အင်ဂျန်းယန်,MMR001003701,township_067
town_125,Khaunglanhpu Town,ခေါင်လန်ဖူး,MMR001018701,township_068
town_126,Machanbaw Town,မချမ်းဘော,MMR001016701,township_069
town_127,Mansi Town,မံစီ,MMR001013701,township_070
town_128,Mogaung Town,မိုးကောင်း,MMR001008701,township_071
town_129,Nammatee Town,နမ္မတီး,MMR001008702,township_071
town_130,Hopin Town,ဟိုပင်,MMR001007702,township_072
town_131,Inn Taw Gyi Town,အင်းတော်ကြီး,MMR001007703,township_072
town_132,Mohnyin Town,မိုးညှင်း,MMR001007701,township_072
town_133,Nam Mar Town,နန်းမား,MMR001007705,township_072
town_134,Nam Mun Town,နန့်မွန်း,MMR001007704,township_072
town_135,Dawthponeyan Town,ဒေါ့ဖုန်းယန်,MMR001012703,township_073
town_136,Lwegel Town,လွယ်ဂျယ်,MMR001012702,township_073
town_137,Momauk Town,မိုးမောက်,MMR001012701,township_073
town_138,Myitkyina Town,မြစ်ကြီးနား,MMR001001701,township_074
town_139,Sinbo Town,ဆင်ဘို,MMR001001702,township_074
town_140,Nawngmun Town,နောင်မွန်း,MMR001017701,township_075
town_141,Pannandin Town,ပန်နန်းဒင်,MMR001017702,township_075
town_142,Puta-O Town,ပူတာအို,MMR001014701,township_076
town_143,Myo Hla Town,မြို့လှ,MMR001011702,township_077
town_144,Shwegu Town,ရွှေကူ,MMR001011701,township_077
town_145,Sumprabum Town,ဆွမ်ပရာဘွမ်,MMR001015701,township_078
town_146,Shin Bway Yang Town,ရှင်ဗွေယန်,MMR001004702,township_079
town_147,Tanai Town,တနိုင်း,MMR001004701,township_079
town_148,Tsawlaw Town,ဆော့လော်,MMR001006701,township_080
town_149,Kan Paik Ti Town,ကန်ပိုက်တီ,MMR001002703,township_081
town_150,Sadung Town,ဆဒုံး,MMR001002702,township_081
town_151,Waingmaw Town,ဝိုင်းမော်,MMR001002701,township_081
town_152,Bawlake Town,ဘောလခဲ,MMR002005701,township_082
town_153,Ywarthit Town,ရွာသစ်,MMR002005702,township_082
town_154,Demoso Town,ဒီးမော့ဆို,MMR002002701,township_083
town_155,Nan Mei Khon Town,နန်းမယ်ခုံ,MMR002002702,township_083
town_156,Hpasawng Town,ဖားဆောင်း,MMR002006701,township_084
town_157,Hpruso Town,ဖရူဆို,MMR002003701,township_085
town_158,Law Pi Ta Town,လောပိတ,MMR002001703,township_086
town_159,Loikaw Town,လွိုင်ကော်,MMR002001701,township_086
town_160,Loilen Lay Town,လွိုင်လင်လေး,MMR002001702,township_086
town_161,Mese Town,မယ်စဲ,MMR002007701,township_087
town_162,Shadaw Town,ရှားတော,MMR002004701,township_088
town_163,Hlaingbwe Town,လှိုင်းဘွဲ့,MMR003002701,township_089
town_164,Paingkyon Town,ပိုင်ကျုံ,MMR003002702,township_089
town_165,Shan Ywar Thit Town,ရှမ်းရွာသစ်,MMR003002703,township_089
town_166,Hpa-An Town,ဘားအံ,MMR003001701,township_090
town_167,Hpapun Town,ဖာပွန်,MMR003003701,township_091
town_168,Kamarmaung Town,ကမမောင်း,MMR003003702,township_091
town_169,Kawkareik Town,ကော့ကရိတ်,MMR003006701,township_092
town_170,Kyondoe Town,ကျုံဒိုး,MMR003006702,township_092
town_171,Hpayarthonesu Town,ဘုရားသုံးဆူ,MMR003007702,township_093
town_172,Kyaikdon Town,ကျိုက်ဒုံ,MMR003007703,township_093
town_173,Kyainseikgyi Town,ကြာအင်းဆိပ်ကြီး,MMR003007701,township_093
town_174,Myawaddy Town,မြဝတီ,MMR003005701,township_094
town_175,Su Ka Li Town,စုကလိ,MMR003005702,township_094
town_176,Waw Lay Myaing (Waw Lay) Town,​ဝေါလေမြိုင် (ဝေါလေ),MMR003005703,township_094
town_177,Baw Ga Li Town,ဘောဂလိ,MMR003004704,township_095
town_178,Leik Tho Town,လိပ်သို,MMR003004703,township_095
town_179,Thandaung Town,သံတောင်,MMR003004702,township_095
town_180,Thandaunggyi Town,သံတောင်ကြီး,MMR003004701,township_095
town_181,Aunglan Town,အောင်လံ,MMR009016701,township_096
town_182,Chauk Town,ချောက်,MMR009003701,township_097
town_183,Sa Lay Town,စလေ,MMR009003702,township_097
town_184,Gangaw Town,ဂန့်ဂေါ,MMR009023701,township_098
town_185,Kyaw Town,ကျော,MMR009023702,township_098
town_186,Kamma Town,ကံမ,MMR009015701,township_099
town_187,Magway Town,မကွေး,MMR009001701,township_100
town_188,Minbu Town,မင်းဘူး,MMR009007701,township_101
town_189,Saku Town,စကု,MMR009007702,township_101
town_190,Mindon Town,မင်းတုန်း,MMR009014701,township_102
town_191,Minhla Town,မင်းလှ,MMR009013701,township_103
town_192,Myaing Town,မြိုင်,MMR009020701,township_104
town_193,Myothit Town,မြို့သစ်,MMR009005701,township_105
town_194,Natmauk Town,နတ်မောက်,MMR009006701,township_106
town_195,Ngape Town,ငဖဲ,MMR009009701,township_107
town_196,Kamma Town,ကမ္မ,MMR009018702,township_108
town_197,Myit Chay Town,မြစ်ခြေ,MMR009018703,township_108
town_198,Pakokku Town,ပခုက္ကူ,MMR009018701,township_108
town_199,Pauk Town,ပေါက်,MMR009021701,township_109
town_200,Pwintbyu Town,ပွင့်ဖြူ,MMR009008701,township_110
town_201,Salin Town,စလင်း,MMR009010701,township_111
town_202,Sinphyukyun Town,ဆင်ဖြူကျွန်း,MMR009010702,township_111
town_203,Kyaukhtu Town,ကျောက်ထု,MMR009025702,township_112
town_204,Saw Town,ဆော,MMR009025701,township_112
town_205,Seikphyu Town,ဆိပ်ဖြူ,MMR009022701,township_113
town_206,Sidoktaya Town,စေတုတ္ထရာ,MMR009011701,township_114
town_207,Sinbaungwe Town,ဆင်ပေါင်ဝဲ,MMR009017701,township_115
town_208,Taungdwingyi Town,တောင်တွင်းကြီး,MMR009004701,township_116
town_209,Thayet Town,သရက်,MMR009012701,township_117
town_210,Tilin Town,ထီးလင်း,MMR009024701,township_118
town_211,Yenangyaung Town,ရေနံချောင်း,MMR009002701,township_119
town_212,Yesagyo Town,ရေစကြို,MMR009019701,township_120
town_213,Amarapura Town,အမရပူရ,MMR010006701,township_121
town_214,Myitnge Town,မြစ်ငယ်,MMR010006702,township_121
town_215,Aungmyaythazan Town,အောင်မြေသာဇံ,MMR010001701,township_122
town_216,Mandalay City,မန္တလေး,MMR010000777,township_122
town_217,Chanayethazan Town,ချမ်းအေးသာဇံ,MMR010002701,township_123
town_218,Chanmyathazi Town,ချမ်းမြသာစည်,MMR010004701,township_124
town_219,Kyaukpadaung Town,ကျောက်ပန်းတောင်း,MMR010020701,township_125
town_220,Kyaukse Town,ကျောက်ဆည်,MMR010013701,township_126
town_221,Madaya Town,မတ္တရာ,MMR010009701,township_127
town_222,Mahaaungmyay Town,မဟာအောင်မြေ,MMR010003701,township_128
town_223,Mahlaing Town,မလှိုင်,MMR010029701,township_129
town_224,Meiktila Town,မိတ္ထီလာ,MMR010028701,township_130
town_225,Mogoke Town,မိုးကုတ်,MMR010011701,township_131
town_226,Myingyan Town,မြင်းခြံ,MMR010017701,township_132
town_227,Si Mee Khon Town,ဆီမီးခုံ,MMR010017702,township_132
town_228,Ku Me Town,ကူမဲ,MMR010015702,township_133
town_229,Myittha Town,မြစ်သား,MMR010015701,township_133
town_230,Natogyi Town,နွားထိုးကြီး,MMR010019701,township_134
town_231,Ngazun Town,ငါန်းဇွန်,MMR010021701,township_135
town_232,Bagan Town,ပုဂံ,MMR010022702,township_136
town_233,Ngathayauk Town,ငါ့သရောက်,MMR010022703,township_136
town_234,Nyaung-U Town,ညောင်ဦး,MMR010022701,township_136
town_235,Patheingyi Town,ပုသိမ်ကြီး,MMR010007701,township_137
town_236,Pyawbwe Town,ပျော်ဘွယ်,MMR010024701,township_138
town_237,Pyigyitagon Town,ပြည်ကြီးတံခွန်,MMR010005701,township_139
town_238,Pyinoolwin Town,ပြင်ဦးလွင်,MMR010008701,township_140
town_239,Singu Town,စဉ့်ကူး,MMR010010701,township_141
town_240,Sintgaing Town,စဉ့်ကိုင်,MMR010014701,township_142
town_241,Tada-U Town,တံတားဦး,MMR010016701,township_143
town_242,Taungtha Town,တောင်သာ,MMR010018701,township_144
town_243,Takaung Town,တကောင်း,MMR010012702,township_145
town_244,Thabeikkyin Town,သပိတ်ကျင်း,MMR010012701,township_145
town_245,Thazi Town,သာစည်,MMR010030701,township_146
town_246,Wundwin Town,ဝမ်းတွင်း,MMR010031701,township_147
town_247,Yamethin Town,ရမည်းသင်း,MMR010023701,township_148
town_248,Bilin Town,ဘီးလင်း,MMR011010701,township_149
town_249,Chaungzon Town,ချောင်းဆုံ,MMR011003701,township_150
town_250,Kyaikmaraw Town,ကျိုက်မရော,MMR011002701,township_151
town_251,Kyaikto Town,ကျိုက်ထို,MMR011009701,township_152
town_252,Thein Za Yat Town,သိမ်ဇရပ်,MMR011009702,township_152
town_253,Mawlamyine Town,မော်လမြိုင်,MMR011001701,township_153
town_254,Kamarwet Town,ကမာ၀က်,MMR011005702,township_154
town_255,Mudon Town,မုဒုံ,MMR011005701,township_154
town_256,Paung Town,ပေါင်,MMR011008701,township_155
town_257,Zinkyaik Town,ဇင်းကျိုက်,MMR011008702,township_155
town_258,Kyaikkhami Town,ကျိုက္ခမီ,MMR011004702,township_156
town_259,Thanbyuzayat Town,သံဖြူဇရပ်,MMR011004701,township_156
town_260,Thaton Town,သထုံ,MMR011007701,township_157
town_261,Thuwunnawady Town,သုဝဏ္ဏဝတီ,MMR011007702,township_157
town_262,Khawzar Town,ခေါဇာ,MMR011006703,township_158
town_263,Lamaing Town,လမိုင်း,MMR011006702,township_158
town_264,Ye Town,ရေး,MMR011006701,township_158
town_265,Det Khi Na Thi Ri Town,ဒက္ခိဏသီရိ,MMR018004701,township_159
town_266,Lewe Town,လယ်ဝေး,MMR018007701,township_160
town_267,Oke Ta Ra Thi Ri Town,ဥတ္တရသီရိ,MMR018008701,township_161
town_268,Poke Ba Thi RiTown,ပုဗ္ဗသီရိ,MMR018005701,township_162
town_269,Pyinmana Town,ပျဉ်းမနား,MMR018006701,township_163
town_270,Tatkon Town,တပ်ကုန်း,MMR018003701,township_164
town_271,Za Bu Thi Ri Town,ဇမ္ဗူသီရိ,MMR018002701,township_165
town_272,Nay Pyi Taw Town,နေပြည်တော်,MMR018000777,township_166
town_273,Zay Yar Thi Ri Town,ဇေယျာသီရိ,MMR018001701,township_166
town_274,Ann Town,အမ်း,MMR012014701,township_167
town_275,Tat Taung Town,တပ်တောင်,MMR012014702,township_167
town_276,Buthidaung Town,ဘူးသီးတောင်,MMR012010701,township_168
town_277,Gwa Town,ဂွ,MMR012017701,township_169
town_278,Kyeintali Town,ကျိန္တလီ,MMR012017702,township_169
town_279,Kyaukpyu Town,ကျောက်ဖြူ,MMR012011701,township_170
town_280,Sa Ne Town,စနဲ,MMR012011702,township_170
town_281,Kyauktaw Town,ကျောက်တော်,MMR012004701,township_171
town_282,Kha Maung Seik Town,ခမောင်းဆိပ်,MMR012009703,township_172
town_283,Maungdaw Town,မောင်တော,MMR012009701,township_172
town_284,Myin Hlut Town,မြင်းလွှတ်,MMR012009704,township_172
town_285,Taungpyoletwea Town,တောင်ပြိုလက်ဝဲ,MMR012009702,township_172
town_286,Minbya Town,မင်းပြား,MMR012005701,township_173
town_287,Mrauk-U Town,မြောက်ဦး,MMR012003701,township_174
town_288,Munaung Town,မာန်အောင်,MMR012012701,township_175
town_289,Kanhtauntkyi Town,ကမ်းထောင့်ကြီး,MMR012006702,township_176
town_290,Myebon Town,မြေပုံ,MMR012006701,township_176
town_291,Pauktaw Town,ပေါက်တော,MMR012007701,township_177
town_292,Ponnagyun Town,ပုဏ္ဏားကျွန်း,MMR012002701,township_178
town_293,Lay Taung Town,လေးတောင်,MMR012013702,township_179
town_294,Ramree Town,ရမ်းဗြဲ,MMR012013701,township_179
town_295,Rathedaung Town,ရသေ့တောင်,MMR012008701,township_180
town_296,Sittwe Town,စစ်တွေ,MMR012001701,township_181
town_297,Ngapali Town,ငပလီ,MMR012015702,township_182
town_298,Thandwe Town,သံတွဲ,MMR012015701,township_182
town_299,Ma-Ei Town,မအီ,MMR012016702,township_183
town_300,Tan Hlwe Ywar Ma Town,တန်းလွဲရွာမ,MMR012016703,township_183
town_301,Toungup Town,တောင်ကုတ်,MMR012016701,township_183
town_302,Ayadaw Town,အရာတော်,MMR005014701,township_184
town_303,Banmauk Town,ဗန်းမောက်,MMR005023701,township_185
town_304,Budalin Town,ဘုတလင်,MMR005013701,township_186
town_305,Chaung-U Town,ချောင်းဦး,MMR005015701,township_187
town_306,Hkamti Town,ခန္တီး,MMR005033701,township_188
town_307,Homalin Town,ဟုမ္မလင်း,MMR005034701,township_189
town_308,Mo Waing Lut Town,မိုဝိုင်းလွတ်,MMR005034703,township_189
town_309,Shwe Pyi Aye Town,ရွှေပြည်အေး,MMR005034702,township_189
town_310,Indaw Town,အင်းတော်,MMR005021701,township_190
town_311,Maw Lu Town,မော်လူး,MMR005021702,township_190
town_312,Kale Town,ကလေး,MMR005027701,township_191
town_313,Kalewa Town,ကလေးဝ,MMR005028701,township_192
town_314,Kanbalu Town,ကန့်ဘလူ,MMR005007701,township_193
town_315,Zee Kone Town,ဇီးကုန်း,MMR005007702,township_193
town_316,Kani Town,ကနီ,MMR005017701,township_194
town_317,Katha Town,ကသာ,MMR005020701,township_195
town_318,Kawlin Town,ကောလင်း,MMR005024701,township_196
town_319,Khin-U Town,ခင်ဦး,MMR005005701,township_197
town_320,Kyunhla Town,ကျွန်းလှ,MMR005008701,township_198
town_321,Lahe Town,လဟယ်,MMR005036701,township_199
town_322,Thangpakwe Town,ထန်ပါခွေ,MMR005036702,township_199
town_323,Layshi Town,လေရှီး,MMR005035701,township_200
town_324,Mowailut Town,မိုပိုင်းလွတ်,MMR005035702,township_200
town_325,Somra Town,ဆွမ္မရာ,MMR005035703,township_200
town_326,Mawlaik Town,မော်လိုက်,MMR005031701,township_201
town_327,Mingin Town,မင်းကင်း,MMR005029701,township_202
town_328,Monywa Town,မုံရွာ,MMR005012701,township_203
town_329,Myaung Town,မြောင်,MMR005003701,township_204
town_330,Myinmu Town,မြင်းမူ,MMR005002701,township_205
town_331,Dohi Town,ဒုံဟီး,MMR005037703,township_206
town_332,Namyung Town,နန်းယွန်း,MMR005037701,township_206
town_333,Pansau Town,ပန်ဆောင်,MMR005037702,township_206
town_334,Pale Town,ပုလဲ,MMR005019701,township_207
town_335,Paungbyin Town,ဖောင်းပြင်,MMR005032701,township_208
town_336,Pinlebu Town,ပင်လည်ဘူး,MMR005026701,township_209
town_337,Sagaing Town,စစ်ကိုင်း,MMR005001701,township_210
town_338,Sar Taung Town,ဆားတောင်,MMR005001702,township_210
town_339,Salingyi Town,ဆားလင်းကြီး,MMR005018701,township_211
town_340,Kyauk Myaung Town,​ကျောက်မြောင်း,MMR005004702,township_212
town_341,Shwebo Town,ရွှေဘို,MMR005004701,township_212
town_342,Saing Pyin Town,စိုင်ပြင်,MMR005010702,township_213
town_343,Tabayin Town,ဒီပဲယင်း,MMR005010701,township_213
town_344,Khampat Town,ခါမ်းပါတ်,MMR005030703,township_214
town_345,Myothit Town,မြို့သစ်,MMR005030702,township_214
town_346,Tamu Town,တမူး,MMR005030701,township_214
town_347,Taze Town,တန့်ဆည်,MMR005011701,township_215
town_348,Tigyaing Town,ထီးချိုင့်,MMR005022701,township_216
town_349,Wetlet Town,ဝက်လက်,MMR005006701,township_217
town_350,Wuntho Town,ဝန်းသို,MMR005025701,township_218
town_351,Ye-U Town,ရေဦး,MMR005009701,township_219
town_352,Yinmarbin Town,ယင်းမာပင်,MMR005016701,township_220
town_353,Ho Tawng (Ho Tao) Town,ဟိုတောင်း,MMR016320701,township_221
town_354,Kengtung Town,ကျိုင်းတုံ,MMR016001701,township_222
town_355,Mong Hpen Town,မိုင်းဖျန်,MMR016319701,township_223
town_356,Mong Kar Town,မိုင်းကာ,MMR016322701,township_224
town_357,Mong Pawk Town,မိုင်းပေါက်,MMR016321701,township_225
town_358,Monghpyak Town,မိုင်းဖြတ်,MMR016010701,township_226
town_359,Monghsat Town,မိုင်းဆတ်,MMR016006701,township_227
town_360,Mongkhoke Town,မိုင်းခုတ်,MMR016006702,township_227
town_361,Mongkhet Town,မိုင်းခတ်,MMR016002701,township_228
town_362,Mongla Town,မိုင်းလား,MMR016005701,township_229
town_363,Mongping Town,မိုင်းပျဉ်း,MMR016007701,township_230
town_364,Tontar Town,တုံတာ,MMR016007702,township_230
town_365,Hmone Hta Town,မုံးထ,MMR016008703,township_231
town_366,Mongton Town,မိုင်းတုံ,MMR016008701,township_231
town_367,Ponparkyin Town,ပုံပါကျင်,MMR016008702,township_231
town_368,Mongpauk Town,မိုင်းပေါက်,MMR016003702,township_232
town_369,Mongyang Town,မိုင်းယန်း,MMR016003701,township_232
town_370,Mongyawng Town,မိုင်းယောင်း,MMR016011701,township_233
town_371,Mongyu Town,မိုင်းယု,MMR016011702,township_233
town_372,Nam Hpai Town,နမ့်ဖိုင်,MMR016323701,township_234
town_373,Kenglat Town,ကျိုင်းလပ်,MMR016009702,township_235
town_374,Tachileik Town,တာချီလိတ်,MMR016009701,township_235
town_375,Tarlay Town,တာလေ,MMR016009703,township_235
town_376,Aik Chan (Ai' Chun) Town,အိုက်ချန်,MMR015311701,township_236
town_377,Hkun Mar (Hkwin Ma) Town,ခွန်းမား,MMR015306701,township_238
town_378,Hopang Town,ဟိုပန်,MMR015021701,township_239
town_379,Namtit Town,နမ့်တစ်,MMR015021702,township_239
town_380,Pan Lon Town,ပန်လုံ,MMR015021703,township_239
town_381,Hsawng Hpa (Saun Pha) Town,ဆောင်ဖ,MMR015305701,township_240
town_382,Hseni Town,သိန္နီ,MMR015002701,township_241
town_383,Hsipaw Town,သီပေါ,MMR015014701,township_242
town_384,Ka Lawng Hpar Town,ကလောင်ဖါ,MMR015310701,township_243
town_385,Mong Maw Town,မိုင်းမော,MMR015304702,township_244
town_386,Konkyan Town,ကုန်းကြမ်း,MMR015023701,township_245
town_387,Maw Hteik Town,​မော်ထိုက်,MMR015023702,township_245
town_388,Kunlong Town,ကွမ်းလုံ,MMR015020701,township_247
town_389,Kutkai Town,ကွတ်ခိုင်,MMR015011701,township_248
town_390,Tarmoenye Town,တာမိုးညဲ,MMR015011702,township_248
town_391,Kyaukme Town,ကျောက်မဲ,MMR015012701,township_249
town_392,Monglon Town,မိုင်းလုံ,MMR015012703,township_249
town_393,Mongngawt Town,မိုင်းငေါ့,MMR015012702,township_249
town_394,Lashio Town,လားရှိုး,MMR015001701,township_250
town_395,Chinshwehaw Town,ချင်းရွှေဟော်,MMR015022702,township_251
town_396,Laukkaing Town,လောက်ကိုင်,MMR015022701,township_251
town_397,Lin Haw Town,လင်ဟော်,MMR015309701,township_253
town_398,Long Htan Town,လုံထန်,MMR015307701,township_254
town_399,Mabein Town,မဘိမ်း,MMR015018701,township_255
town_400,Man Man Hseng Town,မန်မန်ဆိုင်,MMR015313701,township_256
town_401,Man Tun Town,မန်တွန်း,MMR015303701,township_257
town_402,Manton Town,မန်တုံ,MMR015019701,township_258
town_403,Matman Town,မက်မန်း,MMR015024701,township_259
town_404,Mongmao Town,မိုင်းမော,MMR015008701,township_260
town_405,Mongmit Town,မိုးမိတ်,MMR015017701,township_261
town_406,Mongyai Town,မိုင်းရယ်,MMR015003701,township_262
town_407,Manhlyoe (Manhero) Town,(မန်ဟျိုး) မန်ဟီးရိုး,MMR015009703,township_263
town_408,Monekoe Town,မုန်းကိုး,MMR015009702,township_263
town_409,Muse Town,မူဆယ်,MMR015009701,township_263
town_410,Pang Hseng (Kyu Koke) Town,ပန်ဆိုင်း (ကြူကုတ်),MMR015009704,township_263
town_411,Nam Hkam Wu Town,နမ်ခမ်းဝူး,MMR015315701,township_264
town_412,Nam Tit Town,နမ့်တစ်,MMR015301701,township_265
town_413,Namhkan Town,နမ့်ခမ်း,MMR015010701,township_266
town_414,Namhsan Town,နမ့်ဆန်,MMR015016701,township_267
town_415,Namtu Town,နမ္မတူ,MMR015015701,township_268
town_416,Nar Kawng Town,နားကောင်,MMR015316701,township_269
town_417,Nar Wee (Na Wi) Town,နာဝီး,MMR015302701,township_270
town_418,Narphan Town,နားဖန်,MMR015006701,township_271
town_419,Nawng Hkit Town,နောင်ခစ်,MMR015314701,township_272
town_420,Wein Kawn Town,ဝိန်းကောင်,MMR015314702,township_272
town_421,Nawnghkio Town,နောင်ချို,MMR015013701,township_273
town_422,Pang Hkam Town,ပန်ခမ့်,MMR015317701,township_274
town_423,Pang Yang Town,ပန်ယန်း,MMR015318701,township_275
town_424,Man Kan Town,မန်ကန်,MMR015005702,township_276
town_425,Pangsang (Panghkam) Town,ပန်ဆန်း (ပန်ခမ်း),MMR015005701,township_276
town_426,Pangwaun Town,ပန်ဝိုင်,MMR015007701,township_277
town_427,Tangyan Town,တန့်ယန်း,MMR015004701,township_278
town_428,Yawng Lin Town,ယောင်လင်း,MMR015308701,township_279
town_429,Yin Pang Town,ရင်ဖန့်,MMR015312701,township_280
town_430,Hopong Town,ဟိုပုံး,MMR014003701,township_281
town_431,Hsihseng Town,ဆီဆိုင်,MMR014004701,township_282
town_432,Aungpan Town,အောင်ပန်း,MMR014005702,township_283
town_433,He Hoe Town,ဟဲဟိုး,MMR014005703,township_283
town_434,Kalaw Town,ကလော,MMR014005701,township_283
town_435,Kar Li Town,ကာလိ,MMR014014702,township_284
town_436,Kunhing Town,ကွန်ဟိန်း,MMR014014701,township_284
town_437,Kyethi Town,ကျေးသီး,MMR014015701,township_285
town_438,Mongnawng Town,မိုင်းနောင်,MMR014015702,township_285
town_439,Laihka Town,လဲချား,MMR014012701,township_286
town_440,Homein Town,ဟိုမိန်း,MMR014018702,township_287
town_441,Langkho Town,လင်းခေး,MMR014018701,township_287
town_442,Intaw Town,အင်တော,MMR014008702,township_288
town_443,Lawksawk Town,ရပ်စောက်,MMR014008701,township_288
town_444,Loilen Town,လွိုင်လင်,MMR014011701,township_289
town_445,Pinlon Town,ပင်လုံ,MMR014011702,township_289
town_446,Mawkmai Town,မောက်မယ်,MMR014020701,township_290
town_447,Monghsu Town,မိုင်းရှူး,MMR014017701,township_291
town_448,Mongsan (Hmonesan) Town,မိုင်းစံ (မုန်းဆန်း),MMR014017702,township_291
town_449,Mongkaing Town,မိုင်းကိုင်,MMR014016701,township_292
town_450,Kengtawng Town,ကျိုင်းတောင်း,MMR014019702,township_293
town_451,Mongnai Town,မိုးနဲ,MMR014019701,township_293
town_452,Mongpan Town,မိုင်းပန်,MMR014021701,township_294
town_453,Kho Lam Town,ခိုလမ်,MMR014013702,township_295
town_454,Nansang Town,နမ့်စန်,MMR014013701,township_295
town_455,Nang Pang Town,နန်းပန်,MMR014002702,township_296
town_456,Nyaungshwe Town,ညောင်ရွှေ,MMR014002701,township_296
town_457,Pekon Town,ဖယ်ခုံ,MMR014010701,township_297
town_458,Pindaya Town,ပင်းတယ,MMR014006701,township_298
town_459,Naungtayar Town,နောင်တရား,MMR014009702,township_299
town_460,Pawng Lawng Town,ပေါင်းလောင်း,MMR014009703,township_299
town_461,Pinlaung Town,ပင်လောင်း,MMR014009701,township_299
town_462,Ayetharyar Town,အေးသာယာ,MMR014001702,township_300
town_463,Kyauktalonegyi Town,ကျောက်တလုံးကြီး,MMR014001703,township_300
town_464,Shwenyaung Town,ရွှေညောင်,MMR014001704,township_300
town_465,Taunggyi Town,တောင်ကြီး,MMR014001701,township_300
town_466,Ywangan Town,ရွာငံ,MMR014007701,township_301
town_467,Bokpyin Town,ဘုတ်ပြင်း,MMR006010701,township_302
town_468,Karathuri Town,ကရသူရိ,MMR006010703,township_302
town_469,Pyigyimandaing Town,ပြည်ကြီးမဏ္ဍိုင်,MMR006010702,township_302
town_470,Dawei Town,ထားဝယ်,MMR006001701,township_303
town_471,Myitta Town,မေတ္တာ,MMR006001702,township_303
town_472,Kawthoung Town,ကော့သောင်း,MMR006009701,township_304
town_473,Khamaukgyi Town,ခမောက်ကြီး,MMR006009702,township_304
town_474,Kyunsu Town,ကျွန်းစု,MMR006006701,township_305
town_475,Launglon Town,လောင်းလုံး,MMR006002701,township_306
town_476,Myeik Town,မြိတ်,MMR006005701,township_307
town_477,Pala Town,ပလ,MMR006007703,township_308
town_478,Palauk Town,ပလောက်,MMR006007702,township_308
town_479,Palaw Town,ပုလော,MMR006007701,township_308
town_480,Maw Taung Town,မောတောင်,MMR006008702,township_309
town_481,Tanintharyi Town,တနင်္သာရီ,MMR006008701,township_309
town_482,Thayetchaung Town,သရက်ချောင်း,MMR006003701,township_310
town_483,Kaleinaung Town,ကလိန်အောင်,MMR006004702,township_311
town_484,Yebyu Town,ရေဖြူ,MMR006004701,township_311
town_485,Ahlone,အလုံ,MMR013037701,township_312
town_486,Bahan,ဗဟန်း,MMR013044701,township_313
town_487,Botahtaung,ဗိုလ်တထောင်,MMR013017701,township_314
town_488,Cocokyun Town,ကိုကိုးကျွန်း,MMR013032701,township_315
town_489,Dagon,ဒဂုံ,MMR013043701,township_316
town_490,Dagon Myothit (East),ဒဂုံမြို့သစ် (အရှေ့ပိုင်း),MMR013020701,township_317
town_491,Dagon Myothit (North) Town,ဒဂုံမြို့သစ်(မြောက်ပိုင်း),MMR013019701,township_318
town_492,Dagon Myothit (Seikkan),ဒဂုံမြို့သစ် (ဆိပ်ကမ်း),MMR013021701,township_319
town_493,Dagon Myothit (South) Town,ဒဂုံမြို့သစ်(တောင်ပိုင်း),MMR013018701,township_320
town_494,Dala,ဒလ,MMR013030701,township_321
town_495,Dawbon,ဒေါပုံ,MMR013014701,township_322
town_496,Hlaing,လှိုင်,MMR013040701,township_323
town_497,Hlaingtharya Town,လှိုင်သာယာ,MMR013008701,township_324
town_498,Hlaingtharya (East) Town,လှိုင်သာယာ (အရှေ့ပိုင်း),MMR013046701,township_357
town_499,Hlaingtharya (West) Town,လှိုင်သာယာ (အနောက်ပိုင်း),MMR013047701,township_358
town_500,Hlegu Town,လှည်းကူး,MMR013004701,township_325
town_501,Hmawbi Town,မှော်ဘီ,MMR013003701,township_326
town_502,Htantabin Town,ထန်းတပင်,MMR013006701,township_327
town_503,Insein,အင်းစိန်,MMR013001701,township_328
town_504,Kamaryut,ကမာရွတ်,MMR013041701,township_329
town_505,Kawhmu Town,ကော့မှူး,MMR013028701,township_330
town_506,Kayan Town,ခရမ်း,MMR013026701,township_331
town_507,Kungyangon Town,ကွမ်းခြံကုန်း,MMR013029701,township_332
town_508,Kyauktada,ကျောက်တံတား,MMR013033701,township_333
town_509,Yangon City,ရန်ကုန်,MMR013000777,township_333
town_510,Kyauktan Town,ကျောက်တန်း,MMR013024701,township_334
town_511,Tadar Town,တံတား,MMR013024702,township_334
town_512,Kyeemyindaing,ကြည့်မြင်တိုင်,MMR013038701,township_335
town_513,Lanmadaw,လမ်းမတော်,MMR013035701,township_336
town_514,Latha,လသာ,MMR013036701,township_337
town_515,Mayangone,မရမ်းကုန်း,MMR013042701,township_338
town_516,Htaukkyant Town,ထောက်ကြန့်,MMR013002702,township_339
town_517,Mingaladon,မင်္ဂလာဒုံ,MMR013002701,township_339
town_518,Mingalartaungnyunt,မင်္ဂလာတောင်ညွန့်,MMR013022701,township_340
town_519,North Okkalapa,မြောက်ဥက္ကလာပ,MMR013012701,township_341
town_520,Pabedan,ပန်းဘဲတန်း,MMR013034701,township_342
town_521,Pazundaung,ပုဇွန်တောင်,MMR013016701,township_343
town_522,Sanchaung,စမ်းချောင်း,MMR013039701,township_344
town_523,Seikgyikanaungto,ဆိပ်ကြီး/ခနောင်တို,MMR013031701,township_345
town_524,Seikkan,ဆိပ်ကမ်း,MMR013045701,township_346
town_525,Shwepyithar Town,ရွှေပြည်သာ,MMR013007701,township_347
town_526,South Okkalapa,တောင်ဥက္ကလာပ,MMR013011701,township_348
town_527,Ahpyauk Town,အဖျောက်,MMR013005703,township_349
town_528,Okekan Town,ဥက္ကံ,MMR013005702,township_349
town_529,Taikkyi Town,တိုက်ကြီး,MMR013005701,township_349
town_530,Tamwe,တာမွေ,MMR013015701,township_350
town_531,Thaketa,သာကေတ,MMR013013701,township_351
town_532,Thanlyin Town,သန်လျင်,MMR013023701,township_352
town_533,Thingangyun,သင်္ဃန်းကျွန်း,MMR013009701,township_353
town_534,Thongwa Town,သုံးခွ,MMR013025701,township_354
town_535,Twantay Town,တွံတေး,MMR013027701,township_355
town_536,Yankin,ရန်ကင်း,MMR013010701,township_356
